tanggal,wilayah,waktu,cuaca,kelembaban_persen,suhu_derajat_celcius
2018-08-02,Jakarta Timur,Pagi,Cerah Berawan, 45 – 90,22 – 33
2018-08-02,Jakarta Barat,Pagi,Cerah Berawan, 45 – 90,22 – 33
2018-08-02,Jakarta Selatan,Pagi,Cerah Berawan, 45 – 90,22 – 33
2018-08-02,Kepulauan Seribu,Pagi,Cerah, 45 – 90,22 – 33
2018-08-02,Jakarta Pusat,Pagi,Cerah Berawan, 45 – 90,22 – 33
2018-08-02,Jakarta Utara,Pagi,Cerah, 45 – 90,22 – 33
2018-08-02,Jakarta Timur,Siang,Cerah Berawan, 45 – 90,22 – 33
2018-08-02,Jakarta Barat,Siang,Cerah Berawan, 45 – 90,22 – 33
2018-08-02,Jakarta Selatan,Siang,Cerah Berawan, 45 – 90,22 – 33
2018-08-02,Kepulauan Seribu,Siang,Cerah, 45 – 90,22 – 33
2018-08-02,Jakarta Pusat,Siang,Cerah Berawan, 45 – 90,22 – 33
2018-08-02,Jakarta Utara,Siang,Cerah, 45 – 90,22 – 33
2018-08-02,Jakarta Timur,Malam,Cerah Berawan, 45 – 90,22 – 33
2018-08-02,Jakarta Barat,Malam,Cerah, 45 – 90,22 – 33
2018-08-02,Jakarta Selatan,Malam,Cerah Berawan, 45 – 90,22 – 33
2018-08-02,Kepulauan Seribu,Malam,Cerah, 45 – 90,22 – 33
2018-08-02,Jakarta Pusat,Malam,Cerah Berawan, 45 – 90,22 – 33
2018-08-02,Jakarta Utara,Malam,Cerah Berawan, 45 – 90,22 – 33
2018-08-02,Jakarta Timur,Dini Hari,Cerah Berawan, 45 – 90,22 – 33
2018-08-02,Jakarta Barat,Dini Hari,Cerah Berawan, 45 – 90,22 – 33
2018-08-02,Jakarta Selatan,Dini Hari,Cerah Berawan, 45 – 90,22 – 33
2018-08-02,Kepulauan Seribu,Dini Hari,Cerah, 45 – 90,22 – 33
2018-08-02,Jakarta Pusat,Dini Hari,Cerah Berawan, 45 – 90,22 – 33
2018-08-02,Jakarta Utara,Dini Hari,Cerah Berawan, 45 – 90,22 – 33
2018-08-03,Jakarta Timur,Pagi,Cerah Berawan, 40 – 95,22 – 33
2018-08-03,Jakarta Barat,Pagi,Cerah Berawan, 40 – 95,22 – 33
2018-08-03,Jakarta Selatan,Pagi,Cerah Berawan, 40 – 95,22 – 33
2018-08-03,Kepulauan Seribu,Pagi,Cerah Berawan, 40 – 95,22 – 33
2018-08-03,Jakarta Pusat,Pagi,Cerah Berawan, 40 – 95,22 – 33
2018-08-03,Jakarta Utara,Pagi,Cerah Berawan, 40 – 95,22 – 33
2018-08-03,Jakarta Timur,Siang,Cerah Berawan, 40 – 95,22 – 33
2018-08-03,Jakarta Barat,Siang,Cerah Berawan, 40 – 95,22 – 33
2018-08-03,Jakarta Selatan,Siang,Cerah Berawan, 40 – 95,22 – 33
2018-08-03,Kepulauan Seribu,Siang,Cerah Berawan, 40 – 95,22 – 33
2018-08-03,Jakarta Pusat,Siang,Cerah Berawan, 40 – 95,22 – 33
2018-08-03,Jakarta Utara,Siang,Cerah Berawan, 40 – 95,22 – 33
2018-08-03,Jakarta Timur,Malam,Berawan, 40 – 95,22 – 33
2018-08-03,Jakarta Barat,Malam,Berawan, 40 – 95,22 – 33
2018-08-03,Jakarta Selatan,Malam,Berawan, 40 – 95,22 – 33
2018-08-03,Kepulauan Seribu,Malam,Berawan, 40 – 95,22 – 33
2018-08-03,Jakarta Pusat,Malam,Berawan, 40 – 95,22 – 33
2018-08-03,Jakarta Utara,Malam,Berawan, 40 – 95,22 – 33
2018-08-03,Jakarta Timur,Dini Hari,Berawan, 40 – 95,22 – 33
2018-08-03,Jakarta Barat,Dini Hari,Berawan, 40 – 95,22 – 33
2018-08-03,Jakarta Selatan,Dini Hari,Berawan, 40 – 95,22 – 33
2018-08-03,Kepulauan Seribu,Dini Hari,Berawan, 40 – 95,22 – 33
2018-08-03,Jakarta Pusat,Dini Hari,Berawan, 40 – 95,22 – 33
2018-08-03,Jakarta Utara,Dini Hari,Berawan, 40 – 95,22 – 33
2018-08-04,Jakarta Timur,Pagi,Cerah Berawan, 45 – 80,22 – 33
2018-08-04,Jakarta Barat,Pagi,Cerah Berawan, 45 – 80,22 – 33
2018-08-04,Jakarta Selatan,Pagi,Cerah Berawan, 45 – 80,22 – 33
2018-08-04,Kepulauan Seribu,Pagi,Berawan, 45 – 80,22 – 33
2018-08-04,Jakarta Pusat,Pagi,Berawan, 45 – 80,22 – 33
2018-08-04,Jakarta Utara,Pagi,Berawan, 45 – 80,22 – 33
2018-08-04,Jakarta Timur,Siang,Cerah Berawan, 45 – 80,22 – 33
2018-08-04,Jakarta Barat,Siang,Cerah Berawan, 45 – 80,22 – 33
2018-08-04,Jakarta Selatan,Siang,Cerah Berawan, 45 – 80,22 – 33
2018-08-04,Kepulauan Seribu,Siang,Cerah Berawan, 45 – 80,22 – 33
2018-08-04,Jakarta Pusat,Siang,Cerah Berawan, 45 – 80,22 – 33
2018-08-04,Jakarta Utara,Siang,Cerah Berawan, 45 – 80,22 – 33
2018-08-04,Jakarta Timur,Malam,Cerah Berawan, 45 – 80,22 – 33
2018-08-04,Jakarta Barat,Malam,Berawan, 45 – 80,22 – 33
2018-08-04,Jakarta Selatan,Malam,Cerah Berawan, 45 – 80,22 – 33
2018-08-04,Kepulauan Seribu,Malam,Cerah Berawan, 45 – 80,22 – 33
2018-08-04,Jakarta Pusat,Malam,Berawan, 45 – 80,22 – 33
2018-08-04,Jakarta Utara,Malam,Berawan, 45 – 80,22 – 33
2018-08-04,Jakarta Timur,Dini Hari,Cerah Berawan, 45 – 80,22 – 33
2018-08-04,Jakarta Barat,Dini Hari,Cerah Berawan, 45 – 80,22 – 33
2018-08-04,Jakarta Selatan,Dini Hari,Cerah Berawan, 45 – 80,22 – 33
2018-08-04,Kepulauan Seribu,Dini Hari,Berawan, 45 – 80,22 – 33
2018-08-04,Jakarta Pusat,Dini Hari,Cerah Berawan, 45 – 80,22 – 33
2018-08-04,Jakarta Utara,Dini Hari,Cerah Berawan, 45 – 80,22 – 33
2018-08-05,Jakarta Timur,Pagi,Cerah, 45 – 75,22 – 32
2018-08-05,Jakarta Barat,Pagi,Cerah Berawan, 45 – 75,22 – 32
2018-08-05,Jakarta Selatan,Pagi,Cerah, 45 – 75,22 – 32
2018-08-05,Kepulauan Seribu,Pagi,Cerah Berawan, 45 – 75,22 – 32
2018-08-05,Jakarta Pusat,Pagi,Cerah Berawan, 45 – 75,22 – 32
2018-08-05,Jakarta Utara,Pagi,Cerah Berawan, 45 – 75,22 – 32
2018-08-05,Jakarta Timur,Siang,Cerah Berawan, 45 – 75,22 – 32
2018-08-05,Jakarta Barat,Siang,Cerah Berawan, 45 – 75,22 – 32
2018-08-05,Jakarta Selatan,Siang,Cerah Berawan, 45 – 75,22 – 32
2018-08-05,Kepulauan Seribu,Siang,Cerah Berawan, 45 – 75,22 – 32
2018-08-05,Jakarta Pusat,Siang,Cerah Berawan, 45 – 75,22 – 32
2018-08-05,Jakarta Utara,Siang,Cerah Berawan, 45 – 75,22 – 32
2018-08-05,Jakarta Timur,Malam,Berawan, 45 – 75,22 – 32
2018-08-05,Jakarta Barat,Malam,Cerah Berawan, 45 – 75,22 – 32
2018-08-05,Jakarta Selatan,Malam,Berawan, 45 – 75,22 – 32
2018-08-05,Kepulauan Seribu,Malam,Cerah, 45 – 75,22 – 32
2018-08-05,Jakarta Pusat,Malam,Cerah Berawan, 45 – 75,22 – 32
2018-08-05,Jakarta Utara,Malam,Cerah Berawan, 45 – 75,22 – 32
2018-08-05,Jakarta Timur,Dini Hari,Cerah Berawah, 45 – 75,22 – 32
2018-08-05,Jakarta Barat,Dini Hari,Cerah Berawan, 45 – 75,22 – 32
2018-08-05,Jakarta Selatan,Dini Hari,Cerah Berawah, 45 – 75,22 – 32
2018-08-05,Kepulauan Seribu,Dini Hari,Cerah Berawan, 45 – 75,22 – 32
2018-08-05,Jakarta Pusat,Dini Hari,Cerah Berawan, 45 – 75,22 – 32
2018-08-05,Jakarta Utara,Dini Hari,Cerah Berawan, 45 – 75,22 – 32
2018-08-06,Jakarta Timur,Pagi,Cerah Berawan, 45 – 80,22 – 32
2018-08-06,Jakarta Barat,Pagi,Cerah Berawan, 45 – 80,22 – 32
2018-08-06,Jakarta Selatan,Pagi,Cerah Berawan, 45 – 80,22 – 32
2018-08-06,Kepulauan Seribu,Pagi,Cerah Berawan, 45 – 80,22 – 32
2018-08-06,Jakarta Pusat,Pagi,Cerah Berawan, 45 – 80,22 – 32
2018-08-06,Jakarta Utara,Pagi,Cerah Berawan, 45 – 80,22 – 32
2018-08-06,Jakarta Timur,Siang,Cerah, 45 – 80,22 – 32
2018-08-06,Jakarta Barat,Siang,Cerah Berawan, 45 – 80,22 – 32
2018-08-06,Jakarta Selatan,Siang,Cerah Berawan, 45 – 80,22 – 32
2018-08-06,Kepulauan Seribu,Siang,Cerah Berawan, 45 – 80,22 – 32
2018-08-06,Jakarta Pusat,Siang,Cerah, 45 – 80,22 – 32
2018-08-06,Jakarta Utara,Siang,Cerah, 45 – 80,22 – 32
2018-08-06,Jakarta Timur,Malam,Cerah Berawan, 45 – 80,22 – 32
2018-08-06,Jakarta Barat,Malam,Cerah Berawan, 45 – 80,22 – 32
2018-08-06,Jakarta Selatan,Malam,Cerah Berawan, 45 – 80,22 – 32
2018-08-06,Kepulauan Seribu,Malam,Cerah Berawan, 45 – 80,22 – 32
2018-08-06,Jakarta Pusat,Malam,Cerah Berawan, 45 – 80,22 – 32
2018-08-06,Jakarta Utara,Malam,Cerah Berawan, 45 – 80,22 – 32
2018-08-06,Jakarta Timur,Dini Hari,Berawan, 45 – 80,22 – 32
2018-08-06,Jakarta Barat,Dini Hari,Berawan, 45 – 80,22 – 32
2018-08-06,Jakarta Selatan,Dini Hari,Berawan, 45 – 80,22 – 32
2018-08-06,Kepulauan Seribu,Dini Hari,Berawan, 45 – 80,22 – 32
2018-08-06,Jakarta Pusat,Dini Hari,Berawan, 45 – 80,22 – 32
2018-08-06,Jakarta Utara,Dini Hari,Berawan, 45 – 80,22 – 32
2018-08-07,Jakarta Timur,Pagi,Berawan, 45 – 80,23 – 32
2018-08-07,Jakarta Barat,Pagi,Berawan, 45 – 80,23 – 32
2018-08-07,Jakarta Selatan,Pagi,Berawan, 45 – 80,23 – 32
2018-08-07,Kepulauan Seribu,Pagi,Berawan, 45 – 80,23 – 32
2018-08-07,Jakarta Pusat,Pagi,Berawan, 45 – 80,23 – 32
2018-08-07,Jakarta Utara,Pagi,Berawan, 45 – 80,23 – 32
2018-08-07,Jakarta Timur,Siang,Berawan, 45 – 80,23 – 32
2018-08-07,Jakarta Barat,Siang,Cerah Berawan, 45 – 80,23 – 32
2018-08-07,Jakarta Selatan,Siang,Berawan, 45 – 80,23 – 32
2018-08-07,Kepulauan Seribu,Siang,Berawan, 45 – 80,23 – 32
2018-08-07,Jakarta Pusat,Siang,Berawan, 45 – 80,23 – 32
2018-08-07,Jakarta Utara,Siang,Berawan, 45 – 80,23 – 32
2018-08-07,Jakarta Timur,Malam,Cerah Berawan, 45 – 80,23 – 32
2018-08-07,Jakarta Barat,Malam,Cerah Berawan, 45 – 80,23 – 32
2018-08-07,Jakarta Selatan,Malam,Cerah Berawan, 45 – 80,23 – 32
2018-08-07,Kepulauan Seribu,Malam,Cerah Berawan, 45 – 80,23 – 32
2018-08-07,Jakarta Pusat,Malam,Cerah Berawan, 45 – 80,23 – 32
2018-08-07,Jakarta Utara,Malam,Cerah Berawan, 45 – 80,23 – 32
2018-08-07,Jakarta Timur,Dini Hari,Cerah Berawan, 45 – 80,23 – 32
2018-08-07,Jakarta Barat,Dini Hari,Cerah Berawan, 45 – 80,23 – 32
2018-08-07,Jakarta Selatan,Dini Hari,Cerah Berawan, 45 – 80,23 – 32
2018-08-07,Kepulauan Seribu,Dini Hari,Cerah Berawan, 45 – 80,23 – 32
2018-08-07,Jakarta Pusat,Dini Hari,Cerah Berawan, 45 – 80,23 – 32
2018-08-07,Jakarta Utara,Dini Hari,Cerah Berawan, 45 – 80,23 – 32
2018-08-08,Jakarta Timur,Pagi,Cerah Berawan, 55 – 85,23 – 32
2018-08-08,Jakarta Barat,Pagi,Cerah Berawan, 55 – 85,23 – 32
2018-08-08,Jakarta Selatan,Pagi,Cerah Berawan, 55 – 85,23 – 32
2018-08-08,Kepulauan Seribu,Pagi,Berawan, 55 – 85,23 – 32
2018-08-08,Jakarta Pusat,Pagi,Berawan, 55 – 85,23 – 32
2018-08-08,Jakarta Utara,Pagi,Berawan, 55 – 85,23 – 32
2018-08-08,Jakarta Timur,Siang,Hujan Lokal, 55 – 85,23 – 32
2018-08-08,Jakarta Barat,Siang,Berawan, 55 – 85,23 – 32
2018-08-08,Jakarta Selatan,Siang,Hujan Lokal, 55 – 85,23 – 32
2018-08-08,Kepulauan Seribu,Siang,Cerah Berawan, 55 – 85,23 – 32
2018-08-08,Jakarta Pusat,Siang,Berawan, 55 – 85,23 – 32
2018-08-08,Jakarta Utara,Siang,Cerah Berawan, 55 – 85,23 – 32
2018-08-08,Jakarta Timur,Malam,Berawan, 55 – 85,23 – 32
2018-08-08,Jakarta Barat,Malam,Hujan Lokal, 55 – 85,23 – 32
2018-08-08,Jakarta Selatan,Malam,Berawan, 55 – 85,23 – 32
2018-08-08,Kepulauan Seribu,Malam,Cerah Berawan, 55 – 85,23 – 32
2018-08-08,Jakarta Pusat,Malam,Hujan Lokal, 55 – 85,23 – 32
2018-08-08,Jakarta Utara,Malam,Berawan, 55 – 85,23 – 32
2018-08-08,Jakarta Timur,Dini Hari,Berawan, 55 – 85,23 – 32
2018-08-08,Jakarta Barat,Dini Hari,Hujan Lokal, 55 – 85,23 – 32
2018-08-08,Jakarta Selatan,Dini Hari,Berawan, 55 – 85,23 – 32
2018-08-08,Kepulauan Seribu,Dini Hari,Hujan Sedang, 55 – 85,23 – 32
2018-08-08,Jakarta Pusat,Dini Hari,Hujan Lokal, 55 – 85,23 – 32
2018-08-08,Jakarta Utara,Dini Hari,Hujan Lokal, 55 – 85,23 – 32
2018-08-09,Jakarta Timur,Pagi,Cerah Berawan, 55 – 85,24 – 32
2018-08-09,Jakarta Barat,Pagi,Cerah Berawan, 55 – 85,24 – 32
2018-08-09,Jakarta Selatan,Pagi,Cerah Berawan, 55 – 85,24 – 32
2018-08-09,Kepulauan Seribu,Pagi,Cerah Berawan, 55 – 85,24 – 32
2018-08-09,Jakarta Pusat,Pagi,Cerah Berawan, 55 – 85,24 – 32
2018-08-09,Jakarta Utara,Pagi,Cerah Berawan, 55 – 85,24 – 32
2018-08-09,Jakarta Timur,Siang,Hujan Lokal, 55 – 85,24 – 32
2018-08-09,Jakarta Barat,Siang,Hujan Lokal, 55 – 85,24 – 32
2018-08-09,Jakarta Selatan,Siang,Hujan Lokal, 55 – 85,24 – 32
2018-08-09,Kepulauan Seribu,Siang,Cerah Berawan, 55 – 85,24 – 32
2018-08-09,Jakarta Pusat,Siang,Berawan, 55 – 85,24 – 32
2018-08-09,Jakarta Utara,Siang,Cerah Berawan, 55 – 85,24 – 32
2018-08-09,Jakarta Timur,Malam,Berawan, 55 – 85,24 – 32
2018-08-09,Jakarta Barat,Malam,Berawan, 55 – 85,24 – 32
2018-08-09,Jakarta Selatan,Malam,Hujan Lokal, 55 – 85,24 – 32
2018-08-09,Kepulauan Seribu,Malam,Berawan, 55 – 85,24 – 32
2018-08-09,Jakarta Pusat,Malam,Berawan, 55 – 85,24 – 32
2018-08-09,Jakarta Utara,Malam,Berawan, 55 – 85,24 – 32
2018-08-09,Jakarta Timur,Dini Hari,Berawan, 55 – 85,24 – 32
2018-08-09,Jakarta Barat,Dini Hari,Berawan, 55 – 85,24 – 32
2018-08-09,Jakarta Selatan,Dini Hari,Berawan, 55 – 85,24 – 32
2018-08-09,Kepulauan Seribu,Dini Hari,Berawan, 55 – 85,24 – 32
2018-08-09,Jakarta Pusat,Dini Hari,Berawan, 55 – 85,24 – 32
2018-08-09,Jakarta Utara,Dini Hari,Berawan, 55 – 85,24 – 32
2018-08-10,Jakarta Timur,Pagi,Cerah Berawan, 60 – 85,24 – 33
2018-08-10,Jakarta Barat,Pagi,Cerah Berawan, 60 – 85,24 – 33
2018-08-10,Jakarta Selatan,Pagi,Cerah Berawan, 60 – 85,24 – 33
2018-08-10,Kepulauan Seribu,Pagi,Cerah Berawan, 60 – 85,24 – 33
2018-08-10,Jakarta Pusat,Pagi,Cerah Berawan, 60 – 85,24 – 33
2018-08-10,Jakarta Utara,Pagi,Cerah Berawan, 60 – 85,24 – 33
2018-08-10,Jakarta Timur,Siang,Cerah Berawan, 60 – 85,24 – 33
2018-08-10,Jakarta Barat,Siang,Berawan, 60 – 85,24 – 33
2018-08-10,Jakarta Selatan,Siang,Cerah Berawan, 60 – 85,24 – 33
2018-08-10,Kepulauan Seribu,Siang,Cerah Berawan, 60 – 85,24 – 33
2018-08-10,Jakarta Pusat,Siang,Cerah Berawan, 60 – 85,24 – 33
2018-08-10,Jakarta Utara,Siang,Cerah Berawan, 60 – 85,24 – 33
2018-08-10,Jakarta Timur,Malam,Berawan, 60 – 85,24 – 33
2018-08-10,Jakarta Barat,Malam,Berawan, 60 – 85,24 – 33
2018-08-10,Jakarta Selatan,Malam,Hujan Lokal, 60 – 85,24 – 33
2018-08-10,Kepulauan Seribu,Malam,Berawan, 60 – 85,24 – 33
2018-08-10,Jakarta Pusat,Malam,Berawan, 60 – 85,24 – 33
2018-08-10,Jakarta Utara,Malam,Berawan, 60 – 85,24 – 33
2018-08-10,Jakarta Timur,Dini Hari,Cerah Berawan, 60 – 85,24 – 33
2018-08-10,Jakarta Barat,Dini Hari,Cerah Berawan, 60 – 85,24 – 33
2018-08-10,Jakarta Selatan,Dini Hari,Berawan, 60 – 85,24 – 33
2018-08-10,Kepulauan Seribu,Dini Hari,Cerah Berawan, 60 – 85,24 – 33
2018-08-10,Jakarta Pusat,Dini Hari,Cerah Berawan, 60 – 85,24 – 33
2018-08-10,Jakarta Utara,Dini Hari,Cerah Berawan, 60 – 85,24 – 33
2018-08-11,Jakarta Timur,Pagi,Cerah Berawan, 60 – 80,23 – 32
2018-08-11,Jakarta Barat,Pagi,Cerah Berawan, 60 – 80,23 – 32
2018-08-11,Jakarta Selatan,Pagi,Cerah Berawan, 60 – 80,23 – 32
2018-08-11,Kepulauan Seribu,Pagi,Berawan, 60 – 80,23 – 32
2018-08-11,Jakarta Pusat,Pagi,Cerah Berawan, 60 – 80,23 – 32
2018-08-11,Jakarta Utara,Pagi,Cerah Berawan, 60 – 80,23 – 32
2018-08-11,Jakarta Timur,Siang,Cerah Berawan, 60 – 80,23 – 32
2018-08-11,Jakarta Barat,Siang,Cerah Berawan, 60 – 80,23 – 32
2018-08-11,Jakarta Selatan,Siang,Cerah Berawan, 60 – 80,23 – 32
2018-08-11,Kepulauan Seribu,Siang,Cerah, 60 – 80,23 – 32
2018-08-11,Jakarta Pusat,Siang,Cerah, 60 – 80,23 – 32
2018-08-11,Jakarta Utara,Siang,Cerah, 60 – 80,23 – 32
2018-08-11,Jakarta Timur,Malam,Berawan, 60 – 80,23 – 32
2018-08-11,Jakarta Barat,Malam,Berawan, 60 – 80,23 – 32
2018-08-11,Jakarta Selatan,Malam,Berawan, 60 – 80,23 – 32
2018-08-11,Kepulauan Seribu,Malam,Berawan, 60 – 80,23 – 32
2018-08-11,Jakarta Pusat,Malam,Berawan, 60 – 80,23 – 32
2018-08-11,Jakarta Utara,Malam,Berawan, 60 – 80,23 – 32
2018-08-11,Jakarta Timur,Dini Hari,Cerah Berawan, 60 – 80,23 – 32
2018-08-11,Jakarta Barat,Dini Hari,Cerah Berawan, 60 – 80,23 – 32
2018-08-11,Jakarta Selatan,Dini Hari,Cerah Berawan, 60 – 80,23 – 32
2018-08-11,Kepulauan Seribu,Dini Hari,Cerah Berawan, 60 – 80,23 – 32
2018-08-11,Jakarta Pusat,Dini Hari,Cerah Berawan, 60 – 80,23 – 32
2018-08-11,Jakarta Utara,Dini Hari,Cerah Berawan, 60 – 80,23 – 32
2018-08-12,Jakarta Timur,Pagi,Cerah , 60 – 90,23 – 32
2018-08-12,Jakarta Barat,Pagi,Cerah, 60 – 90,23 – 32
2018-08-12,Jakarta Selatan,Pagi,Cerah, 60 – 90,23 – 32
2018-08-12,Kepulauan Seribu,Pagi,Cerah, 60 – 90,23 – 32
2018-08-12,Jakarta Pusat,Pagi,Cerah, 60 – 90,23 – 32
2018-08-12,Jakarta Utara,Pagi,Cerah, 60 – 90,23 – 32
2018-08-12,Jakarta Timur,Siang,Hujan Lokal, 60 – 90,23 – 32
2018-08-12,Jakarta Barat,Siang,Cerah Berawan, 60 – 90,23 – 32
2018-08-12,Jakarta Selatan,Siang,Hujan Lokal, 60 – 90,23 – 32
2018-08-12,Kepulauan Seribu,Siang,Cerah, 60 – 90,23 – 32
2018-08-12,Jakarta Pusat,Siang,Cerah, 60 – 90,23 – 32
2018-08-12,Jakarta Utara,Siang,Cerah, 60 – 90,23 – 32
2018-08-12,Jakarta Timur,Malam,Cerah Berawan, 60 – 90,23 – 32
2018-08-12,Jakarta Barat,Malam,Hujan Ringan, 60 – 90,23 – 32
2018-08-12,Jakarta Selatan,Malam,Cerah Berawan, 60 – 90,23 – 32
2018-08-12,Kepulauan Seribu,Malam,Cerah, 60 – 90,23 – 32
2018-08-12,Jakarta Pusat,Malam,Hujan Ringan, 60 – 90,23 – 32
2018-08-12,Jakarta Utara,Malam,Cerah Berawan, 60 – 90,23 – 32
2018-08-12,Jakarta Timur,Dini Hari,Cerah, 60 – 90,23 – 32
2018-08-12,Jakarta Barat,Dini Hari,Cerah, 60 – 90,23 – 32
2018-08-12,Jakarta Selatan,Dini Hari,Cerah, 60 – 90,23 – 32
2018-08-12,Kepulauan Seribu,Dini Hari,Cerah, 60 – 90,23 – 32
2018-08-12,Jakarta Pusat,Dini Hari,Cerah, 60 – 90,23 – 32
2018-08-12,Jakarta Utara,Dini Hari,Cerah, 60 – 90,23 – 32
2018-08-13,Jakarta Timur,Pagi,Cerah Berawan, 50 – 85,23 – 33
2018-08-13,Jakarta Barat,Pagi,Cerah Berawan, 50 – 85,23 – 33
2018-08-13,Jakarta Selatan,Pagi,Cerah Berawan, 50 – 85,23 – 33
2018-08-13,Kepulauan Seribu,Pagi,Cerah Berawan, 50 – 85,23 – 33
2018-08-13,Jakarta Pusat,Pagi,Cerah Berawan, 50 – 85,23 – 33
2018-08-13,Jakarta Utara,Pagi,Cerah Berawan, 50 – 85,23 – 33
2018-08-13,Jakarta Timur,Siang,Hujan Lokal, 50 – 85,23 – 33
2018-08-13,Jakarta Barat,Siang,Cerah Berawan, 50 – 85,23 – 33
2018-08-13,Jakarta Selatan,Siang,Hujan Lokal, 50 – 85,23 – 33
2018-08-13,Kepulauan Seribu,Siang,Cerah, 50 – 85,23 – 33
2018-08-13,Jakarta Pusat,Siang,Cerah Berawan, 50 – 85,23 – 33
2018-08-13,Jakarta Utara,Siang,Cerah Berawan, 50 – 85,23 – 33
2018-08-13,Jakarta Timur,Malam,Hujan Lokal, 50 – 85,23 – 33
2018-08-13,Jakarta Barat,Malam,Berawan, 50 – 85,23 – 33
2018-08-13,Jakarta Selatan,Malam,Hujan Lokal, 50 – 85,23 – 33
2018-08-13,Kepulauan Seribu,Malam,Berawan, 50 – 85,23 – 33
2018-08-13,Jakarta Pusat,Malam,Berawan, 50 – 85,23 – 33
2018-08-13,Jakarta Utara,Malam,Berawan, 50 – 85,23 – 33
2018-08-13,Jakarta Timur,Dini Hari,Cerah Berawan, 50 – 85,23 – 33
2018-08-13,Jakarta Barat,Dini Hari,Cerah Berawan, 50 – 85,23 – 33
2018-08-13,Jakarta Selatan,Dini Hari,Cerah Berawan, 50 – 85,23 – 33
2018-08-13,Kepulauan Seribu,Dini Hari,Cerah Berawan, 50 – 85,23 – 33
2018-08-13,Jakarta Pusat,Dini Hari,Cerah Berawan, 50 – 85,23 – 33
2018-08-13,Jakarta Utara,Dini Hari,Cerah Berawan, 50 – 85,23 – 33
2018-08-14,Jakarta Timur,Pagi,Cerah Berawan, 55 – 90,25 – 33
2018-08-14,Jakarta Barat,Pagi,Cerah Berawan, 55 – 90,25 – 33
2018-08-14,Jakarta Selatan,Pagi,Cerah Berawan, 55 – 90,25 – 33
2018-08-14,Kepulauan Seribu,Pagi,Cerah Berawan, 55 – 90,25 – 33
2018-08-14,Jakarta Pusat,Pagi,Cerah Berawan, 55 – 90,25 – 33
2018-08-14,Jakarta Utara,Pagi,Cerah Berawan, 55 – 90,25 – 33
2018-08-14,Jakarta Timur,Siang,Cerah, 55 – 90,25 – 33
2018-08-14,Jakarta Barat,Siang,Cerah, 55 – 90,25 – 33
2018-08-14,Jakarta Selatan,Siang,Cerah, 55 – 90,25 – 33
2018-08-14,Kepulauan Seribu,Siang,Cerah, 55 – 90,25 – 33
2018-08-14,Jakarta Pusat,Siang,Cerah, 55 – 90,25 – 33
2018-08-14,Jakarta Utara,Siang,Cerah, 55 – 90,25 – 33
2018-08-14,Jakarta Timur,Malam,Cerah Berawan, 55 – 90,25 – 33
2018-08-14,Jakarta Barat,Malam,Cerah Berawan, 55 – 90,25 – 33
2018-08-14,Jakarta Selatan,Malam,Cerah Berawan, 55 – 90,25 – 33
2018-08-14,Kepulauan Seribu,Malam,Cerah, 55 – 90,25 – 33
2018-08-14,Jakarta Pusat,Malam,Cerah, 55 – 90,25 – 33
2018-08-14,Jakarta Utara,Malam,Cerah, 55 – 90,25 – 33
2018-08-14,Jakarta Timur,Dini Hari,Cerah Berawan, 55 – 90,25 – 33
2018-08-14,Jakarta Barat,Dini Hari,Berawan, 55 – 90,25 – 33
2018-08-14,Jakarta Selatan,Dini Hari,Cerah Berawan, 55 – 90,25 – 33
2018-08-14,Kepulauan Seribu,Dini Hari,Berawan, 55 – 90,25 – 33
2018-08-14,Jakarta Pusat,Dini Hari,Cerah Berawan, 55 – 90,25 – 33
2018-08-14,Jakarta Utara,Dini Hari,Cerah Berawan, 55 – 90,25 – 33
2018-08-15,Jakarta Timur,Pagi,Cerah Berawan, 55 – 90,25 – 33
2018-08-15,Jakarta Barat,Pagi,Cerah Berawan, 55 – 90,25 – 33
2018-08-15,Jakarta Selatan,Pagi,Cerah Berawan, 55 – 90,25 – 33
2018-08-15,Kepulauan Seribu,Pagi,Cerah Berawan, 55 – 90,25 – 33
2018-08-15,Jakarta Pusat,Pagi,Cerah Berawan, 55 – 90,25 – 33
2018-08-15,Jakarta Utara,Pagi,Cerah Berawan, 55 – 90,25 – 33
2018-08-15,Jakarta Timur,Siang,Cerah, 55 – 90,25 – 33
2018-08-15,Jakarta Barat,Siang,Cerah, 55 – 90,25 – 33
2018-08-15,Jakarta Selatan,Siang,Cerah, 55 – 90,25 – 33
2018-08-15,Kepulauan Seribu,Siang,Cerah, 55 – 90,25 – 33
2018-08-15,Jakarta Pusat,Siang,Cerah, 55 – 90,25 – 33
2018-08-15,Jakarta Utara,Siang,Cerah, 55 – 90,25 – 33
2018-08-15,Jakarta Timur,Malam,Cerah Berawan, 55 – 90,25 – 33
2018-08-15,Jakarta Barat,Malam,Cerah Berawan, 55 – 90,25 – 33
2018-08-15,Jakarta Selatan,Malam,Cerah Berawan, 55 – 90,25 – 33
2018-08-15,Kepulauan Seribu,Malam,Cerah, 55 – 90,25 – 33
2018-08-15,Jakarta Pusat,Malam,Cerah, 55 – 90,25 – 33
2018-08-15,Jakarta Utara,Malam,Cerah, 55 – 90,25 – 33
2018-08-15,Jakarta Timur,Dini Hari,Cerah Berawan, 55 – 90,25 – 33
2018-08-15,Jakarta Barat,Dini Hari,Berawan, 55 – 90,25 – 33
2018-08-15,Jakarta Selatan,Dini Hari,Cerah Berawan, 55 – 90,25 – 33
2018-08-15,Kepulauan Seribu,Dini Hari,Berawan, 55 – 90,25 – 33
2018-08-15,Jakarta Pusat,Dini Hari,Cerah Berawan, 55 – 90,25 – 33
2018-08-15,Jakarta Utara,Dini Hari,Cerah Berawan, 55 – 90,25 – 33
2018-08-16,Jakarta Timur,Pagi,Cerah Berawan, 45 – 85,24 – 33
2018-08-16,Jakarta Barat,Pagi,Cerah Berawan, 45 – 85,24 – 33
2018-08-16,Jakarta Selatan,Pagi,Cerah Berawan, 45 – 85,24 – 33
2018-08-16,Kepulauan Seribu,Pagi,Cerah, 45 – 85,24 – 33
2018-08-16,Jakarta Pusat,Pagi,Cerah Berawan, 45 – 85,24 – 33
2018-08-16,Jakarta Utara,Pagi,Cerah, 45 – 85,24 – 33
2018-08-16,Jakarta Timur,Siang,Cerah Berawan, 45 – 85,24 – 33
2018-08-16,Jakarta Barat,Siang,Cerah Berawan, 45 – 85,24 – 33
2018-08-16,Jakarta Selatan,Siang,Cerah Berawan, 45 – 85,24 – 33
2018-08-16,Kepulauan Seribu,Siang,Cerah Berawan, 45 – 85,24 – 33
2018-08-16,Jakarta Pusat,Siang,Cerah Berawan, 45 – 85,24 – 33
2018-08-16,Jakarta Utara,Siang,Cerah Berawan, 45 – 85,24 – 33
2018-08-16,Jakarta Timur,Malam,Cerah Berawan, 45 – 85,24 – 33
2018-08-16,Jakarta Barat,Malam,Cerah Berawan, 45 – 85,24 – 33
2018-08-16,Jakarta Selatan,Malam,Cerah Berawan, 45 – 85,24 – 33
2018-08-16,Kepulauan Seribu,Malam,Cerah, 45 – 85,24 – 33
2018-08-16,Jakarta Pusat,Malam,Cerah, 45 – 85,24 – 33
2018-08-16,Jakarta Utara,Malam,Cerah, 45 – 85,24 – 33
2018-08-16,Jakarta Timur,Dini Hari,Cerah Berawan, 45 – 85,24 – 33
2018-08-16,Jakarta Barat,Dini Hari,Berawan, 45 – 85,24 – 33
2018-08-16,Jakarta Selatan,Dini Hari,Cerah Berawan, 45 – 85,24 – 33
2018-08-16,Kepulauan Seribu,Dini Hari,Berawan, 45 – 85,24 – 33
2018-08-16,Jakarta Pusat,Dini Hari,Berawan, 45 – 85,24 – 33
2018-08-16,Jakarta Utara,Dini Hari,Berawan, 45 – 85,24 – 33
2018-08-17,Jakarta Timur,Pagi,Berawan, 55 – 80,24 – 32
2018-08-17,Jakarta Barat,Pagi,Cerah Berawan, 55 – 80,24 – 32
2018-08-17,Jakarta Selatan,Pagi,Berawan, 55 – 80,24 – 32
2018-08-17,Kepulauan Seribu,Pagi,Cerah Berawan, 55 – 80,24 – 32
2018-08-17,Jakarta Pusat,Pagi,Berawan, 55 – 80,24 – 32
2018-08-17,Jakarta Utara,Pagi,Berawan, 55 – 80,24 – 32
2018-08-17,Jakarta Timur,Siang,Cerah Berawan, 55 – 80,24 – 32
2018-08-17,Jakarta Barat,Siang,Cerah Berawan, 55 – 80,24 – 32
2018-08-17,Jakarta Selatan,Siang,Cerah Berawan, 55 – 80,24 – 32
2018-08-17,Kepulauan Seribu,Siang,Cerah, 55 – 80,24 – 32
2018-08-17,Jakarta Pusat,Siang,Cerah, 55 – 80,24 – 32
2018-08-17,Jakarta Utara,Siang,Cerah, 55 – 80,24 – 32
2018-08-17,Jakarta Timur,Malam,Berawan, 55 – 80,24 – 32
2018-08-17,Jakarta Barat,Malam,Cerah Berawan, 55 – 80,24 – 32
2018-08-17,Jakarta Selatan,Malam,Berawan, 55 – 80,24 – 32
2018-08-17,Kepulauan Seribu,Malam,Cerah Berawan, 55 – 80,24 – 32
2018-08-17,Jakarta Pusat,Malam,Berawan, 55 – 80,24 – 32
2018-08-17,Jakarta Utara,Malam,Berawan, 55 – 80,24 – 32
2018-08-17,Jakarta Timur,Dini Hari,Cerah, 55 – 80,24 – 32
2018-08-17,Jakarta Barat,Dini Hari,Cerah, 55 – 80,24 – 32
2018-08-17,Jakarta Selatan,Dini Hari,Cerah, 55 – 80,24 – 32
2018-08-17,Kepulauan Seribu,Dini Hari,Cerah, 55 – 80,24 – 32
2018-08-17,Jakarta Pusat,Dini Hari,Cerah, 55 – 80,24 – 32
2018-08-17,Jakarta Utara,Dini Hari,Cerah, 55 – 80,24 – 32
2018-08-18,Jakarta Timur,Pagi,Cerah Berawan, 55 – 80,22 – 33
2018-08-18,Jakarta Barat,Pagi,Cerah Berawan, 55 – 80,22 – 33
2018-08-18,Jakarta Selatan,Pagi,Cerah Berawan, 55 – 80,22 – 33
2018-08-18,Kepulauan Seribu,Pagi,Cerah Berawan, 55 – 80,22 – 33
2018-08-18,Jakarta Pusat,Pagi,Cerah Berawan, 55 – 80,22 – 33
2018-08-18,Jakarta Utara,Pagi,Cerah Berawan, 55 – 80,22 – 33
2018-08-18,Jakarta Timur,Siang,Cerah Berawan, 55 – 80,22 – 33
2018-08-18,Jakarta Barat,Siang,Cerah Berawan, 55 – 80,22 – 33
2018-08-18,Jakarta Selatan,Siang,Cerah Berawan, 55 – 80,22 – 33
2018-08-18,Kepulauan Seribu,Siang,Cerah Berawan, 55 – 80,22 – 33
2018-08-18,Jakarta Pusat,Siang,Cerah Berawan, 55 – 80,22 – 33
2018-08-18,Jakarta Utara,Siang,Cerah Berawan, 55 – 80,22 – 33
2018-08-18,Jakarta Timur,Malam,Berawan, 55 – 80,22 – 33
2018-08-18,Jakarta Barat,Malam,Berawan, 55 – 80,22 – 33
2018-08-18,Jakarta Selatan,Malam,Berawan, 55 – 80,22 – 33
2018-08-18,Kepulauan Seribu,Malam,Berawan, 55 – 80,22 – 33
2018-08-18,Jakarta Pusat,Malam,Berawan, 55 – 80,22 – 33
2018-08-18,Jakarta Utara,Malam,Berawan, 55 – 80,22 – 33
2018-08-18,Jakarta Timur,Dini Hari,Cerah Berawan, 55 – 80,22 – 33
2018-08-18,Jakarta Barat,Dini Hari,Cerah Berawan, 55 – 80,22 – 33
2018-08-18,Jakarta Selatan,Dini Hari,Cerah Berawan, 55 – 80,22 – 33
2018-08-18,Kepulauan Seribu,Dini Hari,Cerah Berawan, 55 – 80,22 – 33
2018-08-18,Jakarta Pusat,Dini Hari,Cerah Berawan, 55 – 80,22 – 33
2018-08-18,Jakarta Utara,Dini Hari,Cerah Berawan, 55 – 80,22 – 33
2018-08-19,Jakarta Timur,Pagi,Cerah, 45 – 80,22 – 34
2018-08-19,Jakarta Barat,Pagi,Cerah , 45 – 80,22 – 34
2018-08-19,Jakarta Selatan,Pagi,Cerah , 45 – 80,22 – 34
2018-08-19,Kepulauan Seribu,Pagi,Cerah, 45 – 80,22 – 34
2018-08-19,Jakarta Pusat,Pagi,Cerah, 45 – 80,22 – 34
2018-08-19,Jakarta Utara,Pagi,Cerah, 45 – 80,22 – 34
2018-08-19,Jakarta Timur,Siang,Cerah, 45 – 80,22 – 34
2018-08-19,Jakarta Barat,Siang,Cerah Berawan, 45 – 80,22 – 34
2018-08-19,Jakarta Selatan,Siang,Cerah Berawan, 45 – 80,22 – 34
2018-08-19,Kepulauan Seribu,Siang,Cerah, 45 – 80,22 – 34
2018-08-19,Jakarta Pusat,Siang,Cerah, 45 – 80,22 – 34
2018-08-19,Jakarta Utara,Siang,Cerah, 45 – 80,22 – 34
2018-08-19,Jakarta Timur,Malam,Cerah Berawan, 45 – 80,22 – 34
2018-08-19,Jakarta Barat,Malam,Cerah Berawan, 45 – 80,22 – 34
2018-08-19,Jakarta Selatan,Malam,Cerah Berawan, 45 – 80,22 – 34
2018-08-19,Kepulauan Seribu,Malam,Cerah Berawan, 45 – 80,22 – 34
2018-08-19,Jakarta Pusat,Malam,Cerah Berawan, 45 – 80,22 – 34
2018-08-19,Jakarta Utara,Malam,Cerah Berawan, 45 – 80,22 – 34
2018-08-19,Jakarta Timur,Dini Hari,Cerah Berawan, 45 – 80,22 – 34
2018-08-19,Jakarta Barat,Dini Hari,Cerah Berawan, 45 – 80,22 – 34
2018-08-19,Jakarta Selatan,Dini Hari,Cerah Berawan, 45 – 80,22 – 34
2018-08-19,Kepulauan Seribu,Dini Hari,Cerah, 45 – 80,22 – 34
2018-08-19,Jakarta Pusat,Dini Hari,Cerah, 45 – 80,22 – 34
2018-08-19,Jakarta Utara,Dini Hari,Cerah, 45 – 80,22 – 34
2018-08-20,Jakarta Timur,Pagi,Cerah Berawan, 55 – 85,24 – 32
2018-08-20,Jakarta Barat,Pagi,Cerah Berawan , 55 – 85,24 – 32
2018-08-20,Jakarta Selatan,Pagi,Cerah Berawan , 55 – 85,24 – 32
2018-08-20,Kepulauan Seribu,Pagi,Cerah Berawan, 55 – 85,24 – 32
2018-08-20,Jakarta Pusat,Pagi,Cerah Berawan, 55 – 85,24 – 32
2018-08-20,Jakarta Utara,Pagi,Cerah Berawan, 55 – 85,24 – 32
2018-08-20,Jakarta Timur,Siang,Berawan, 55 – 85,24 – 32
2018-08-20,Jakarta Barat,Siang,Cerah Berawan, 55 – 85,24 – 32
2018-08-20,Jakarta Selatan,Siang,Berawan, 55 – 85,24 – 32
2018-08-20,Kepulauan Seribu,Siang,Cerah Berawan, 55 – 85,24 – 32
2018-08-20,Jakarta Pusat,Siang,Cerah Berawan, 55 – 85,24 – 32
2018-08-20,Jakarta Utara,Siang,Cerah Berawan, 55 – 85,24 – 32
2018-08-20,Jakarta Timur,Malam,Berawan, 55 – 85,24 – 32
2018-08-20,Jakarta Barat,Malam,Berawan, 55 – 85,24 – 32
2018-08-20,Jakarta Selatan,Malam,Berawan, 55 – 85,24 – 32
2018-08-20,Kepulauan Seribu,Malam,Cerah Berawan, 55 – 85,24 – 32
2018-08-20,Jakarta Pusat,Malam,Cerah Berawan, 55 – 85,24 – 32
2018-08-20,Jakarta Utara,Malam,Cerah Berawan, 55 – 85,24 – 32
2018-08-20,Jakarta Timur,Dini Hari,Cerah Berawan, 55 – 85,24 – 32
2018-08-20,Jakarta Barat,Dini Hari,Cerah Berawan, 55 – 85,24 – 32
2018-08-20,Jakarta Selatan,Dini Hari,Cerah Berawan, 55 – 85,24 – 32
2018-08-20,Kepulauan Seribu,Dini Hari,Cerah Berawan, 55 – 85,24 – 32
2018-08-20,Jakarta Pusat,Dini Hari,Cerah Berawan, 55 – 85,24 – 32
2018-08-20,Jakarta Utara,Dini Hari,Cerah Berawan, 55 – 85,24 – 32
2018-08-21,Jakarta Timur,Pagi,Cerah Berawan, 55 – 85,24 – 32
2018-08-21,Jakarta Barat,Pagi,Cerah Berawan , 55 – 85,24 – 32
2018-08-21,Jakarta Selatan,Pagi,Cerah Berawan , 55 – 85,24 – 32
2018-08-21,Kepulauan Seribu,Pagi,Cerah Berawan, 55 – 85,24 – 32
2018-08-21,Jakarta Pusat,Pagi,Cerah Berawan, 55 – 85,24 – 32
2018-08-21,Jakarta Utara,Pagi,Cerah Berawan, 55 – 85,24 – 32
2018-08-21,Jakarta Timur,Siang,Cerah Berawan, 55 – 85,24 – 32
2018-08-21,Jakarta Barat,Siang,Cerah Berawan, 55 – 85,24 – 32
2018-08-21,Jakarta Selatan,Siang,Berawan, 55 – 85,24 – 32
2018-08-21,Kepulauan Seribu,Siang,Cerah Berawan, 55 – 85,24 – 32
2018-08-21,Jakarta Pusat,Siang,Cerah Berawan, 55 – 85,24 – 32
2018-08-21,Jakarta Utara,Siang,Cerah Berawan, 55 – 85,24 – 32
2018-08-21,Jakarta Timur,Malam,Berawan, 55 – 85,24 – 32
2018-08-21,Jakarta Barat,Malam,Berawan, 55 – 85,24 – 32
2018-08-21,Jakarta Selatan,Malam,Berawan, 55 – 85,24 – 32
2018-08-21,Kepulauan Seribu,Malam,Berawan, 55 – 85,24 – 32
2018-08-21,Jakarta Pusat,Malam,Berawan, 55 – 85,24 – 32
2018-08-21,Jakarta Utara,Malam,Berawan, 55 – 85,24 – 32
2018-08-21,Jakarta Timur,Dini Hari,Berawan, 55 – 85,24 – 32
2018-08-21,Jakarta Barat,Dini Hari,Berawan, 55 – 85,24 – 32
2018-08-21,Jakarta Selatan,Dini Hari,Berawan, 55 – 85,24 – 32
2018-08-21,Kepulauan Seribu,Dini Hari,Berawan, 55 – 85,24 – 32
2018-08-21,Jakarta Pusat,Dini Hari,Berawan, 55 – 85,24 – 32
2018-08-21,Jakarta Utara,Dini Hari,Berawan, 55 – 85,24 – 32
2018-08-22,Jakarta Timur,Pagi,Cerah Berawan, 55 – 80,23 – 34
2018-08-22,Jakarta Barat,Pagi,Cerah Berawan, 55 – 80,23 – 34
2018-08-22,Jakarta Selatan,Pagi,Cerah Berawan, 55 – 80,23 – 34
2018-08-22,Kepulauan Seribu,Pagi,Cerah Berawan, 55 – 80,23 – 34
2018-08-22,Jakarta Pusat,Pagi,Cerah Berawan, 55 – 80,23 – 34
2018-08-22,Jakarta Utara,Pagi,Cerah Berawan, 55 – 80,23 – 34
2018-08-22,Jakarta Timur,Siang,Cerah Berawan, 55 – 80,23 – 34
2018-08-22,Jakarta Barat,Siang,Cerah Berawan, 55 – 80,23 – 34
2018-08-22,Jakarta Selatan,Siang,Cerah Berawan, 55 – 80,23 – 34
2018-08-22,Kepulauan Seribu,Siang,Cerah, 55 – 80,23 – 34
2018-08-22,Jakarta Pusat,Siang,Cerah Berawan, 55 – 80,23 – 34
2018-08-22,Jakarta Utara,Siang,Cerah Berawan, 55 – 80,23 – 34
2018-08-22,Jakarta Timur,Malam,Berawan, 55 – 80,23 – 34
2018-08-22,Jakarta Barat,Malam,Berawan, 55 – 80,23 – 34
2018-08-22,Jakarta Selatan,Malam,Berawan, 55 – 80,23 – 34
2018-08-22,Kepulauan Seribu,Malam,Berawan, 55 – 80,23 – 34
2018-08-22,Jakarta Pusat,Malam,Berawan, 55 – 80,23 – 34
2018-08-22,Jakarta Utara,Malam,Berawan, 55 – 80,23 – 34
2018-08-22,Jakarta Timur,Dini Hari,Berawan, 55 – 80,23 – 34
2018-08-22,Jakarta Barat,Dini Hari,Berawan, 55 – 80,23 – 34
2018-08-22,Jakarta Selatan,Dini Hari,Berawan, 55 – 80,23 – 34
2018-08-22,Kepulauan Seribu,Dini Hari,Berawan, 55 – 80,23 – 34
2018-08-22,Jakarta Pusat,Dini Hari,Berawan, 55 – 80,23 – 34
2018-08-22,Jakarta Utara,Dini Hari,Berawan, 55 – 80,23 – 34
2018-08-23,Jakarta Timur,Pagi,Berawan, 65 – 90,24 – 33
2018-08-23,Jakarta Barat,Pagi,Berawan, 65 – 90,24 – 33
2018-08-23,Jakarta Selatan,Pagi,Berawan, 65 – 90,24 – 33
2018-08-23,Kepulauan Seribu,Pagi,Berawan, 65 – 90,24 – 33
2018-08-23,Jakarta Pusat,Pagi,Berawan, 65 – 90,24 – 33
2018-08-23,Jakarta Utara,Pagi,Berawan, 65 – 90,24 – 33
2018-08-23,Jakarta Timur,Siang,Cerah Berawan, 65 – 90,24 – 33
2018-08-23,Jakarta Barat,Siang,Cerah Berawan, 65 – 90,24 – 33
2018-08-23,Jakarta Selatan,Siang,Berawan, 65 – 90,24 – 33
2018-08-23,Kepulauan Seribu,Siang,Cerah, 65 – 90,24 – 33
2018-08-23,Jakarta Pusat,Siang,Cerah Berawan, 65 – 90,24 – 33
2018-08-23,Jakarta Utara,Siang,Cerah Berawan, 65 – 90,24 – 33
2018-08-23,Jakarta Timur,Malam,Berawan, 65 – 90,24 – 33
2018-08-23,Jakarta Barat,Malam,Cerah Berawan, 65 – 90,24 – 33
2018-08-23,Jakarta Selatan,Malam,Hujan Lokal, 65 – 90,24 – 33
2018-08-23,Kepulauan Seribu,Malam,Cerah Berawan, 65 – 90,24 – 33
2018-08-23,Jakarta Pusat,Malam,Berawan, 65 – 90,24 – 33
2018-08-23,Jakarta Utara,Malam,Cerah Berawan, 65 – 90,24 – 33
2018-08-23,Jakarta Timur,Dini Hari,Berawan, 65 – 90,24 – 33
2018-08-23,Jakarta Barat,Dini Hari,Berawan, 65 – 90,24 – 33
2018-08-23,Jakarta Selatan,Dini Hari,Berawan, 65 – 90,24 – 33
2018-08-23,Kepulauan Seribu,Dini Hari,Berawan, 65 – 90,24 – 33
2018-08-23,Jakarta Pusat,Dini Hari,Berawan, 65 – 90,24 – 33
2018-08-23,Jakarta Utara,Dini Hari,Berawan, 65 – 90,24 – 33
2018-08-24,Jakarta Timur,Pagi,Cerah Berawan, 60 – 95,24 – 32
2018-08-24,Jakarta Barat,Pagi,Cerah Berawan, 60 – 95,24 – 32
2018-08-24,Jakarta Selatan,Pagi,Berawan, 60 – 95,24 – 32
2018-08-24,Kepulauan Seribu,Pagi,Berawan, 60 – 95,24 – 32
2018-08-24,Jakarta Pusat,Pagi,Cerah Berawan, 60 – 95,24 – 32
2018-08-24,Jakarta Utara,Pagi,Berawan, 60 – 95,24 – 32
2018-08-24,Jakarta Timur,Siang,Berawan, 60 – 95,24 – 32
2018-08-24,Jakarta Barat,Siang,Berawan, 60 – 95,24 – 32
2018-08-24,Jakarta Selatan,Siang,Hujan Lokal, 60 – 95,24 – 32
2018-08-24,Kepulauan Seribu,Siang,Cerah Berawan, 60 – 95,24 – 32
2018-08-24,Jakarta Pusat,Siang,Cerah Berawan, 60 – 95,24 – 32
2018-08-24,Jakarta Utara,Siang,Cerah Berawan, 60 – 95,24 – 32
2018-08-24,Jakarta Timur,Malam,Hujan Lokal, 60 – 95,24 – 32
2018-08-24,Jakarta Barat,Malam,Berawan, 60 – 95,24 – 32
2018-08-24,Jakarta Selatan,Malam,Hujan Lokal, 60 – 95,24 – 32
2018-08-24,Kepulauan Seribu,Malam,Berawan, 60 – 95,24 – 32
2018-08-24,Jakarta Pusat,Malam,Berawan, 60 – 95,24 – 32
2018-08-24,Jakarta Utara,Malam,Berawan, 60 – 95,24 – 32
2018-08-24,Jakarta Timur,Dini Hari,Cerah Berawan, 60 – 95,24 – 32
2018-08-24,Jakarta Barat,Dini Hari,Cerah Berawan, 60 – 95,24 – 32
2018-08-24,Jakarta Selatan,Dini Hari,Cerah Berawan, 60 – 95,24 – 32
2018-08-24,Kepulauan Seribu,Dini Hari,Cerah Berawan, 60 – 95,24 – 32
2018-08-24,Jakarta Pusat,Dini Hari,Cerah Berawan, 60 – 95,24 – 32
2018-08-24,Jakarta Utara,Dini Hari,Cerah Berawan, 60 – 95,24 – 32
2018-08-25,Jakarta Timur,Pagi,Cerah Berawan, 60 – 90,24 – 32
2018-08-25,Jakarta Barat,Pagi,Cerah Berawan, 60 – 90,24 – 32
2018-08-25,Jakarta Selatan,Pagi,Cerah Berawan, 60 – 90,24 – 32
2018-08-25,Kepulauan Seribu,Pagi,Cerah Berawan, 60 – 90,24 – 32
2018-08-25,Jakarta Pusat,Pagi,Cerah Berawan, 60 – 90,24 – 32
2018-08-25,Jakarta Utara,Pagi,Cerah Berawan, 60 – 90,24 – 32
2018-08-25,Jakarta Timur,Siang,Berawan, 60 – 90,24 – 32
2018-08-25,Jakarta Barat,Siang,Cerah Berawan, 60 – 90,24 – 32
2018-08-25,Jakarta Selatan,Siang,Berawan, 60 – 90,24 – 32
2018-08-25,Kepulauan Seribu,Siang,Cerah Berawan, 60 – 90,24 – 32
2018-08-25,Jakarta Pusat,Siang,Cerah Berawan, 60 – 90,24 – 32
2018-08-25,Jakarta Utara,Siang,Cerah Berawan, 60 – 90,24 – 32
2018-08-25,Jakarta Timur,Malam,Berawan, 60 – 90,24 – 32
2018-08-25,Jakarta Barat,Malam,Cerah Berawan, 60 – 90,24 – 32
2018-08-25,Jakarta Selatan,Malam,Berawan, 60 – 90,24 – 32
2018-08-25,Kepulauan Seribu,Malam,Cerah Berawan, 60 – 90,24 – 32
2018-08-25,Jakarta Pusat,Malam,Cerah Berawan, 60 – 90,24 – 32
2018-08-25,Jakarta Utara,Malam,Cerah Berawan, 60 – 90,24 – 32
2018-08-25,Jakarta Timur,Dini Hari,Cerah Berawan, 60 – 90,24 – 32
2018-08-25,Jakarta Barat,Dini Hari,Cerah Berawan, 60 – 90,24 – 32
2018-08-25,Jakarta Selatan,Dini Hari,Cerah Berawan, 60 – 90,24 – 32
2018-08-25,Kepulauan Seribu,Dini Hari,Berawan, 60 – 90,24 – 32
2018-08-25,Jakarta Pusat,Dini Hari,Cerah Berawan, 60 – 90,24 – 32
2018-08-25,Jakarta Utara,Dini Hari,Berawan, 60 – 90,24 – 32
2018-08-26,Jakarta Timur,Pagi,Cerah Berawan, 45 – 90,24 – 34
2018-08-26,Jakarta Barat,Pagi,Cerah Berawan, 45 – 90,24 – 34
2018-08-26,Jakarta Selatan,Pagi,Cerah Berawan, 45 – 90,24 – 34
2018-08-26,Kepulauan Seribu,Pagi,Cerah Berawan, 45 – 90,24 – 34
2018-08-26,Jakarta Pusat,Pagi,Cerah Berawan, 45 – 90,24 – 34
2018-08-26,Jakarta Utara,Pagi,Cerah Berawan, 45 – 90,24 – 34
2018-08-26,Jakarta Timur,Siang,Cerah Berawan, 45 – 90,24 – 34
2018-08-26,Jakarta Barat,Siang,Cerah Berawan, 45 – 90,24 – 34
2018-08-26,Jakarta Selatan,Siang,Berawan, 45 – 90,24 – 34
2018-08-26,Kepulauan Seribu,Siang,Cerah Berawan, 45 – 90,24 – 34
2018-08-26,Jakarta Pusat,Siang,Cerah Berawan, 45 – 90,24 – 34
2018-08-26,Jakarta Utara,Siang,Cerah Berawan, 45 – 90,24 – 34
2018-08-26,Jakarta Timur,Malam,Berawan, 45 – 90,24 – 34
2018-08-26,Jakarta Barat,Malam,Berawan, 45 – 90,24 – 34
2018-08-26,Jakarta Selatan,Malam,Berawan, 45 – 90,24 – 34
2018-08-26,Kepulauan Seribu,Malam,Berawan, 45 – 90,24 – 34
2018-08-26,Jakarta Pusat,Malam,Berawan, 45 – 90,24 – 34
2018-08-26,Jakarta Utara,Malam,Berawan, 45 – 90,24 – 34
2018-08-26,Jakarta Timur,Dini Hari,Cerah Berawan, 45 – 90,24 – 34
2018-08-26,Jakarta Barat,Dini Hari,Cerah Berawan, 45 – 90,24 – 34
2018-08-26,Jakarta Selatan,Dini Hari,Cerah Berawan, 45 – 90,24 – 34
2018-08-26,Kepulauan Seribu,Dini Hari,Cerah Berawan, 45 – 90,24 – 34
2018-08-26,Jakarta Pusat,Dini Hari,Cerah Berawan, 45 – 90,24 – 34
2018-08-26,Jakarta Utara,Dini Hari,Cerah Berawan, 45 – 90,24 – 34
2018-08-27,Jakarta Timur,Pagi,Cerah, 50 – 85,24 – 33
2018-08-27,Jakarta Barat,Pagi,Cerah, 50 – 85,24 – 33
2018-08-27,Jakarta Selatan,Pagi,Cerah, 50 – 85,24 – 33
2018-08-27,Kepulauan Seribu,Pagi,Cerah, 50 – 85,24 – 33
2018-08-27,Jakarta Pusat,Pagi,Cerah, 50 – 85,24 – 33
2018-08-27,Jakarta Utara,Pagi,Cerah, 50 – 85,24 – 33
2018-08-27,Jakarta Timur,Siang,Cerah Berawan, 50 – 85,24 – 33
2018-08-27,Jakarta Barat,Siang,Cerah, 50 – 85,24 – 33
2018-08-27,Jakarta Selatan,Siang,Cerah Berawan, 50 – 85,24 – 33
2018-08-27,Kepulauan Seribu,Siang,Cerah, 50 – 85,24 – 33
2018-08-27,Jakarta Pusat,Siang,Cerah, 50 – 85,24 – 33
2018-08-27,Jakarta Utara,Siang,Cerah, 50 – 85,24 – 33
2018-08-27,Jakarta Timur,Malam,Cerah Berawan, 50 – 85,24 – 33
2018-08-27,Jakarta Barat,Malam,Berawan, 50 – 85,24 – 33
2018-08-27,Jakarta Selatan,Malam,Cerah Berawan, 50 – 85,24 – 33
2018-08-27,Kepulauan Seribu,Malam,Cerah, 50 – 85,24 – 33
2018-08-27,Jakarta Pusat,Malam,Cerah Berawan, 50 – 85,24 – 33
2018-08-27,Jakarta Utara,Malam,Cerah Berawan, 50 – 85,24 – 33
2018-08-27,Jakarta Timur,Dini Hari,Cerah Berawan, 50 – 85,24 – 33
2018-08-27,Jakarta Barat,Dini Hari,Cerah Berawan, 50 – 85,24 – 33
2018-08-27,Jakarta Selatan,Dini Hari,Cerah Berawan, 50 – 85,24 – 33
2018-08-27,Kepulauan Seribu,Dini Hari,Cerah Berawan, 50 – 85,24 – 33
2018-08-27,Jakarta Pusat,Dini Hari,Berawan, 50 – 85,24 – 33
2018-08-27,Jakarta Utara,Dini Hari,Berawan, 50 – 85,24 – 33
2018-08-28,Jakarta Timur,Pagi,Cerah Berawan, 65 – 85,25 – 34
2018-08-28,Jakarta Barat,Pagi,Cerah Berawan, 65 – 85,25 – 34
2018-08-28,Jakarta Selatan,Pagi,Cerah Berawan, 65 – 85,25 – 34
2018-08-28,Kepulauan Seribu,Pagi,Berawan, 65 – 85,25 – 34
2018-08-28,Jakarta Pusat,Pagi,Cerah Berawan, 65 – 85,25 – 34
2018-08-28,Jakarta Utara,Pagi,Cerah Berawan, 65 – 85,25 – 34
2018-08-28,Jakarta Timur,Siang,Berawan, 65 – 85,25 – 34
2018-08-28,Jakarta Barat,Siang,Cerah Berawan, 65 – 85,25 – 34
2018-08-28,Jakarta Selatan,Siang,Berawan, 65 – 85,25 – 34
2018-08-28,Kepulauan Seribu,Siang,Cerah, 65 – 85,25 – 34
2018-08-28,Jakarta Pusat,Siang,Cerah Berawan, 65 – 85,25 – 34
2018-08-28,Jakarta Utara,Siang,Cerah Berawan, 65 – 85,25 – 34
2018-08-28,Jakarta Timur,Malam,Cerah Berawan, 65 – 85,25 – 34
2018-08-28,Jakarta Barat,Malam,Berawan, 65 – 85,25 – 34
2018-08-28,Jakarta Selatan,Malam,Cerah Berawan, 65 – 85,25 – 34
2018-08-28,Kepulauan Seribu,Malam,Berawan, 65 – 85,25 – 34
2018-08-28,Jakarta Pusat,Malam,Berawan, 65 – 85,25 – 34
2018-08-28,Jakarta Utara,Malam,Berawan, 65 – 85,25 – 34
2018-08-28,Jakarta Timur,Dini Hari,Cerah Berawan, 65 – 85,25 – 34
2018-08-28,Jakarta Barat,Dini Hari,Cerah Berawan, 65 – 85,25 – 34
2018-08-28,Jakarta Selatan,Dini Hari,Cerah Berawan, 65 – 85,25 – 34
2018-08-28,Kepulauan Seribu,Dini Hari,Cerah Berawan, 65 – 85,25 – 34
2018-08-28,Jakarta Pusat,Dini Hari,Cerah Berawan, 65 – 85,25 – 34
2018-08-28,Jakarta Utara,Dini Hari,Cerah Berawan, 65 – 85,25 – 34
2018-08-29,Jakarta Timur,Pagi,Berawan, 50 – 90,24 – 33
2018-08-29,Jakarta Barat,Pagi,Berawan, 50 – 90,24 – 33
2018-08-29,Jakarta Selatan,Pagi,Berawan, 50 – 90,24 – 33
2018-08-29,Kepulauan Seribu,Pagi,Berawan, 50 – 90,24 – 33
2018-08-29,Jakarta Pusat,Pagi,Berawan, 50 – 90,24 – 33
2018-08-29,Jakarta Utara,Pagi,Berawan, 50 – 90,24 – 33
2018-08-29,Jakarta Timur,Siang,Berawan, 50 – 90,24 – 33
2018-08-29,Jakarta Barat,Siang,Berawan, 50 – 90,24 – 33
2018-08-29,Jakarta Selatan,Siang,Berawan, 50 – 90,24 – 33
2018-08-29,Kepulauan Seribu,Siang,Cerah Berawan, 50 – 90,24 – 33
2018-08-29,Jakarta Pusat,Siang,Cerah Berawan, 50 – 90,24 – 33
2018-08-29,Jakarta Utara,Siang,Cerah Berawan, 50 – 90,24 – 33
2018-08-29,Jakarta Timur,Malam,Berawan, 50 – 90,24 – 33
2018-08-29,Jakarta Barat,Malam,Berawan, 50 – 90,24 – 33
2018-08-29,Jakarta Selatan,Malam,Berawan, 50 – 90,24 – 33
2018-08-29,Kepulauan Seribu,Malam,Cerah Berawan, 50 – 90,24 – 33
2018-08-29,Jakarta Pusat,Malam,Berawan, 50 – 90,24 – 33
2018-08-29,Jakarta Utara,Malam,Cerah Berawan, 50 – 90,24 – 33
2018-08-29,Jakarta Timur,Dini Hari,Cerah Berawan, 50 – 90,24 – 33
2018-08-29,Jakarta Barat,Dini Hari,Cerah Berawan, 50 – 90,24 – 33
2018-08-29,Jakarta Selatan,Dini Hari,Cerah Berawan, 50 – 90,24 – 33
2018-08-29,Kepulauan Seribu,Dini Hari,Berawan, 50 – 90,24 – 33
2018-08-29,Jakarta Pusat,Dini Hari,Cerah Berawan, 50 – 90,24 – 33
2018-08-29,Jakarta Utara,Dini Hari,Cerah Berawan, 50 – 90,24 – 33
2018-08-30,Jakarta Timur,Pagi,Cerah Berawan, 45 – 90,24 – 34
2018-08-30,Jakarta Barat,Pagi,Cerah Berawan, 45 – 90,24 – 34
2018-08-30,Jakarta Selatan,Pagi,Cerah Berawan, 45 – 90,24 – 34
2018-08-30,Kepulauan Seribu,Pagi,Cerah Berawan, 45 – 90,24 – 34
2018-08-30,Jakarta Pusat,Pagi,Cerah Berawan, 45 – 90,24 – 34
2018-08-30,Jakarta Utara,Pagi,Cerah Berawan, 45 – 90,24 – 34
2018-08-30,Jakarta Timur,Siang,Cerah Berawan, 45 – 90,24 – 34
2018-08-30,Jakarta Barat,Siang,Cerah Berawan, 45 – 90,24 – 34
2018-08-30,Jakarta Selatan,Siang,Cerah Berawan, 45 – 90,24 – 34
2018-08-30,Kepulauan Seribu,Siang,Cerah Berawan, 45 – 90,24 – 34
2018-08-30,Jakarta Pusat,Siang,Cerah Berawan, 45 – 90,24 – 34
2018-08-30,Jakarta Utara,Siang,Cerah Berawan, 45 – 90,24 – 34
2018-08-30,Jakarta Timur,Malam,Cerah Berawan, 45 – 90,24 – 34
2018-08-30,Jakarta Barat,Malam,Berawan, 45 – 90,24 – 34
2018-08-30,Jakarta Selatan,Malam,Cerah Berawan, 45 – 90,24 – 34
2018-08-30,Kepulauan Seribu,Malam,Cerah Berawan, 45 – 90,24 – 34
2018-08-30,Jakarta Pusat,Malam,Cerah Berawan, 45 – 90,24 – 34
2018-08-30,Jakarta Utara,Malam,Cerah Berawan, 45 – 90,24 – 34
2018-08-30,Jakarta Timur,Dini Hari,Cerah Berawan, 45 – 90,24 – 34
2018-08-30,Jakarta Barat,Dini Hari,Cerah Berawan, 45 – 90,24 – 34
2018-08-30,Jakarta Selatan,Dini Hari,Cerah Berawan, 45 – 90,24 – 34
2018-08-30,Kepulauan Seribu,Dini Hari,Cerah Berawan, 45 – 90,24 – 34
2018-08-30,Jakarta Pusat,Dini Hari,Cerah Berawan, 45 – 90,24 – 34
2018-08-30,Jakarta Utara,Dini Hari,Cerah Berawan, 45 – 90,24 – 34
2018-08-31,Jakarta Timur,Pagi,Cerah Berawan, 50 – 90,24 – 33
2018-08-31,Jakarta Barat,Pagi,Cerah Berawan, 50 – 90,24 – 33
2018-08-31,Jakarta Selatan,Pagi,Cerah Berawan, 50 – 90,24 – 33
2018-08-31,Kepulauan Seribu,Pagi,Cerah Berawan, 50 – 90,24 – 33
2018-08-31,Jakarta Pusat,Pagi,Cerah Berawan, 50 – 90,24 – 33
2018-08-31,Jakarta Utara,Pagi,Cerah Berawan, 50 – 90,24 – 33
2018-08-31,Jakarta Timur,Siang,Cerah Berawan, 50 – 90,24 – 33
2018-08-31,Jakarta Barat,Siang,Cerah Berawan, 50 – 90,24 – 33
2018-08-31,Jakarta Selatan,Siang,Cerah Berawan, 50 – 90,24 – 33
2018-08-31,Kepulauan Seribu,Siang,Cerah, 50 – 90,24 – 33
2018-08-31,Jakarta Pusat,Siang,Cerah, 50 – 90,24 – 33
2018-08-31,Jakarta Utara,Siang,Cerah, 50 – 90,24 – 33
2018-08-31,Jakarta Timur,Malam,Cerah Berawan, 50 – 90,24 – 33
2018-08-31,Jakarta Barat,Malam,Cerah Berawan, 50 – 90,24 – 33
2018-08-31,Jakarta Selatan,Malam,Cerah Berawan, 50 – 90,24 – 33
2018-08-31,Kepulauan Seribu,Malam,Cerah Berawan, 50 – 90,24 – 33
2018-08-31,Jakarta Pusat,Malam,Cerah Berawan, 50 – 90,24 – 33
2018-08-31,Jakarta Utara,Malam,Cerah Berawan, 50 – 90,24 – 33
2018-08-31,Jakarta Timur,Dini Hari,Berawan, 50 – 90,24 – 33
2018-08-31,Jakarta Barat,Dini Hari,Berawan, 50 – 90,24 – 33
2018-08-31,Jakarta Selatan,Dini Hari,Berawan, 50 – 90,24 – 33
2018-08-31,Kepulauan Seribu,Dini Hari,Berawan, 50 – 90,24 – 33
2018-08-31,Jakarta Pusat,Dini Hari,Berawan, 50 – 90,24 – 33
2018-08-31,Jakarta Utara,Dini Hari,Berawan, 50 – 90,24 – 33
